{
  "feature_distributions": {
    "has_homograph": [
      [
        185257,
        0,
        0,
        0,
        0,
        0,
        0,
        0,
        0,
        114777
      ],
      [
        -0.7871184945106506,
        -0.581360936164856,
        -0.37560343742370605,
        -0.16984590888023376,
        0.035911619663238525,
        0.24166914820671082,
        0.4474266767501831,
        0.653184175491333,
        0.8589417338371277,
        1.0646992921829224,
        1.2704567909240723
      ]
    ],
    "num_digits_in_url": [
      [
        187776,
        18017,
        43715,
        37034,
        11565,
        1783,
        33,
        30,
        19,
        62
      ],
      [
        -0.7247748970985413,
        -0.07261853665113449,
        0.5795378088951111,
        1.231694221496582,
        1.8838505744934082,
        2.5360069274902344,
        3.1881632804870605,
        3.8403196334838867,
        4.492475986480713,
        5.144632339477539,
        5.796788692474365
      ]
    ],
    "num_dots": [
      [
        92388,
        0,
        189818,
        0,
        0,
        15914,
        0,
        1537,
        0,
        377
      ],
      [
        -1.3120726346969604,
        -0.6207172274589539,
        0.07063817977905273,
        0.7619935870170593,
        1.453348994255066,
        2.1447043418884277,
        2.836059808731079,
        3.5274152755737305,
        4.218770503997803,
        4.910126209259033,
        5.6014814376831055
      ]
    ],
    "url_entropy": [
      [
        92388,
        0,
        0,
        0,
        10,
        2107,
        27187,
        91920,
        86267,
        155
      ],
      [
        -1.4815040826797485,
        -1.2059623003005981,
        -0.9304205179214478,
        -0.6548787951469421,
        -0.37933701276779175,
        -0.10379523038864136,
        0.17174653708934784,
        0.44728830456733704,
        0.722830057144165,
        0.9983718395233154,
        1.2739136219024658
      ]
    ],
    "url_length": [
      [
        97102,
        49573,
        98838,
        54305,
        126,
        61,
        8,
        3,
        6,
        12
      ],
      [
        -1.3294835090637207,
        -0.5108052492141724,
        0.3078729510307312,
        1.1265511512756348,
        1.945229411125183,
        2.7639076709747314,
        3.5825858116149902,
        4.401264190673828,
        5.219942569732666,
        6.038620471954346,
        6.857298851013184
      ]
    ]
  },
  "label_distribution": {
    "1": 0.5278768406247292,
    "0": 0.47212315937527083
  },
  "train_accuracy": null,
  "feature_means": {
    "has_homograph": 1.2276787104729328e-16,
    "num_digits_in_url": -1.7884702201951368e-16,
    "num_dots": -2.819114075900809e-16,
    "url_entropy": -2.57660963926418e-16,
    "url_length": 6.062610915915718e-18
  },
  "feature_stds": {
    "has_homograph": 0.9999999999999999,
    "num_digits_in_url": 0.9999999999999999,
    "num_dots": 0.9999999999999999,
    "url_entropy": 0.9999999999999998,
    "url_length": 0.9999999999999999
  },
  "created_at": "2025-11-09T18:51:46.777194"
}